Date/Time,EMS:Weighted Average Building Zone Air Temperature [C](TimeStep),CORE_ZN:Zone Mean Air Temperature [C](TimeStep),PERIMETER_ZN_1:Zone Mean Air Temperature [C](TimeStep),PERIMETER_ZN_2:Zone Mean Air Temperature [C](TimeStep),PERIMETER_ZN_3:Zone Mean Air Temperature [C](TimeStep),PERIMETER_ZN_4:Zone Mean Air Temperature [C](TimeStep),ATTIC:Zone Mean Air Temperature [C](TimeStep),HTGSETP_SCH:Schedule Value [](TimeStep),CLGSETP_SCH:Schedule Value [](TimeStep),Electricity:Facility [J](Monthly),NaturalGas:Facility [J](Monthly),CO2:Facility [kg](Monthly),CO:Facility [kg](Monthly),CH4:Facility [kg](Monthly),NOx:Facility [kg](Monthly),N2O:Facility [kg](Monthly),SO2:Facility [kg](Monthly),PM:Facility [kg](Monthly),PM10:Facility [kg](Monthly),PM2.5:Facility [kg](Monthly),NH3:Facility [kg](Monthly),NMVOC:Facility [kg](Monthly),Hg:Facility [kg](Monthly),Pb:Facility [kg](Monthly),WaterEnvironmentalFactors:Facility [L](Monthly),Nuclear High:Facility [kg](Monthly),Nuclear Low:Facility [m3](Monthly),Carbon Equivalent:Facility [kg](Monthly) 
 01/21  00:10:00,12.780736935347358,16.222465047279037,11.305997414698835,11.267724584840307,11.449576105345033,11.37026162151075,0.3525131173448139,21.0,30.0 
 01/21  00:20:00,13.347775725694046,16.588323651306112,11.950576340738227,11.935240030777706,12.079339634447315,12.04774583039407,0.34163559419782813,21.0,30.0 
 01/21  00:30:00,13.480161571116048,16.616552134489183,12.127218608377575,12.114316230250221,12.247594564143814,12.229989350540231,0.331924894243226,21.0,30.0 
 01/21  00:40:00,11.6405153919846,15.391709624177548,10.0628185279099,9.954051462538004,10.222369047030329,10.035514232015917,0.3258212490223063,21.0,30.0 
 01/21  00:50:00,12.73846384929907,16.195899032213465,11.258775984248059,11.217146789176109,11.40236623894411,11.31802857708556,0.3187728445142566,21.0,30.0 
 01/21  01:00:00,13.30552330246091,16.562461026379694,11.903029405997072,11.884256392653178,12.031795376665581,11.99562382261407,0.30779500718743485,21.0,30.0 
 01/21  01:10:00,13.43724596625321,16.59103733647406,12.078520007771981,12.06225543302325,12.19887460683012,12.17705734770987,0.29801666744083466,21.0,30.0 
 01/21  01:20:00,11.597576170533191,15.364608378775166,10.01489555251001,9.903167796653513,10.174406139661517,9.982169879666852,0.2918983079063728,21.0,30.0 
 01/21  01:30:00,12.6980755197957,16.16967895604429,11.214007437516173,11.169254799254759,11.357615408191037,11.268375368853915,0.2848372269226978,21.0,30.0 
 01/21  01:40:00,13.265083983194078,16.536913050812323,11.857841199514016,11.835864140668944,11.986611890908069,11.94602580182997,0.2738505403696834,21.0,30.0 
 01/21  01:50:00,13.396104967847947,16.565848327380966,12.03211764373387,12.012723308980714,12.152445830300763,12.126617533738804,0.2640790572773617,21.0,30.0 
 01/21  02:00:00,11.556259127335663,15.337638276915913,9.96916909426653,9.854667919255313,10.128633758567185,9.931075494467901,0.2579836605806599,21.0,30.0 
 01/21  02:10:00,12.659285987295906,16.143608737841696,11.171386682314337,11.123699139522197,11.315017511983548,11.220945892941643,0.25095250948282843,21.0,30.0 
 01/21  02:20:00,13.22622096774984,16.51153861657815,11.814750264316968,11.789763251698552,11.943527218674706,11.898649372132123,0.24002020394685314,21.0,30.0 
 01/21  02:30:00,13.35653839098353,16.54087998725284,11.987784701206838,11.965459018423521,12.108081289833127,12.078408980479223,0.23030725291107512,21.0,30.0 
 01/21  02:40:00,11.516340264336273,15.310623119139798,9.925422943354391,9.808311688508297,10.08483557407023,9.88189087494565,0.2242610942472728,21.0,30.0 
 01/21  02:50:00,12.621887547081876,16.11753738699189,11.130704322814088,11.080244683017778,11.27436363381614,11.175438643217117,0.21728963731324555,21.0,30.0 
 01/21  03:00:00,13.18876278003073,16.486238182990455,11.773570564326032,11.745744059262542,11.902355969715803,11.853249282326964,0.20645597536413138,21.0,30.0 
 01/21  03:10:00,13.318400810272443,16.51606763284022,11.945353427474263,11.92027325113234,12.065613859299994,12.03222481788303,0.1968378187169336,21.0,30.0 
 01/21  03:20:00,11.477585321039838,15.283316263075383,9.883497663280554,9.763925653323286,10.042852738893389,9.834095225001509,0.1908593785449811,21.0,30.0 
 01/21  03:30:00,12.585675355729249,16.091260553060124,11.091804303363258,11.038719216072055,11.23549910977793,11.13144821755444,0.183968571329177,21.0,30.0 
 01/21  03:40:00,13.152551412559536,16.460888753444,11.734158451274078,11.703647610653732,11.862955839961977,11.809539937620208,0.17326475976691472,21.0,30.0 
 01/21  03:50:00,13.281566563864802,16.491346951858606,11.904689447132084,11.87701762991731,12.024910219255247,11.987853271653695,0.16376697017350902,21.0,30.0 
 01/21  04:00:00,11.439664967171396,15.254968117683614,9.84326468954656,9.721372821894834,10.002557668095578,9.787422897465037,0.15786921766893214,21.0,30.0 
 01/21  04:10:00,12.550363697846032,16.064162568721812,11.054559472680067,10.998985257908407,11.19829878089092,11.088736439024002,0.15107375630869996,21.0,30.0 
 01/21  04:20:00,13.117386233489086,16.43513286000147,11.696393293968361,11.663343165598228,11.82520801929989,11.767326786851003,0.14052166388243886,21.0,30.0 
 01/21  04:30:00,13.245898763799627,16.466556839732302,11.865676436967236,11.835566457787097,11.985855385015322,11.945128524351881,0.13116204964310427,21.0,30.0 
 01/21  04:40:00,11.406336188217079,15.235691592764335,9.80460798090894,9.680531746864467,9.963835576109632,9.748431095786882,0.12535377582642382,21.0,30.0 
 01/21  04:50:00,12.518960798672028,16.044791678261873,11.01886509249442,10.960927365589171,11.162660254032204,11.051606976120476,0.11866357345567237,21.0,30.0 
 01/21  05:00:00,13.084976764489829,16.413959384202492,11.660200748852414,11.62473339451262,11.789039937277572,11.728845034404907,0.10827821789897261,21.0,30.0 
 01/21  05:10:00,13.212119671466777,16.443802443089087,11.828274440048023,11.795842884104468,11.94841046160717,11.905064784983573,0.09907031797856439,21.0,30.0 
 01/21  05:20:00,11.374696046527708,15.218582499938194,9.7675753121435,9.641415164426451,9.926734425767648,9.710250373944927,0.09336087287620136,21.0,30.0 
 01/21  05:30:00,12.489494381434964,16.02827363557038,10.984778385511877,10.924555288339372,11.128644618439257,11.015709822135712,0.08678749965911901,21.0,30.0 
 01/21  05:40:00,13.05455591245394,16.39571249662346,11.625598080175006,11.587798688038134,11.754472350063605,11.691906093507217,0.0765871890017139,21.0,30.0 
 01/21  05:50:00,13.18028150393171,16.42375400571941,11.792449980147486,11.757795754542014,11.912543946131995,11.86672889988377,0.06754708685837277,21.0,30.0 
 01/21  06:00:00,11.343557817376105,15.199456188040703,9.732107217929345,9.603954069434991,9.891196851395854,9.673438821675685,0.061945516717401825,21.0,30.0 
 01/21  06:10:00,13.00726175240308,16.018266479958776,11.711041201899889,11.670686452490518,11.86338023256711,11.761525185299956,0.055706384339811094,21.0,30.0 
 01/21  06:20:00,13.46033806624975,16.09394381857929,12.322087307312716,12.286677822554541,12.45906335014599,12.384229360767794,0.048565304834363894,21.0,30.0 
 01/21  06:30:00,13.721872755534177,16.155539265923878,12.659469129588945,12.643430430197661,12.792555254099643,12.745999115811781,0.04216598264584784,21.0,30.0 
 01/21  06:40:00,14.143623142091613,16.306829597389296,13.190754374957223,13.181967880765846,13.319876314754321,13.289783071356517,0.03077507471166495,21.0,30.0 
 01/21  06:50:00,14.341110999785435,16.387731207152548,13.436145383380588,13.428579843298294,13.563265414179781,13.539274425446102,0.021828840571192363,21.0,30.0 
 01/21  07:00:00,14.399040650892923,16.41329427660317,13.505570414201177,13.503127863878284,13.631728890364537,13.61542501603423,0.015712217706102916,21.0,30.0 
 01/21  07:10:00,14.437118693535238,16.42849321329145,13.549889593226913,13.555895097949248,13.675617006043854,13.669375799308797,0.011177110112870443,21.0,30.0 
 01/21  07:20:00,14.486139773443698,16.450753997095106,13.606882336907868,13.62079353198476,13.732584235754388,13.735194126151953,0.007645413230639934,21.0,30.0 
 01/21  07:30:00,14.53633048811117,16.47576902633762,13.664977772353641,13.685172941590604,13.790799551369854,13.800327591968715,0.005062070140116791,21.0,30.0 
 01/21  07:40:00,14.580147476225479,16.49841508812457,13.715420183255805,13.740956290346825,13.841321696220213,13.856784931937312,0.0036030881393355895,21.0,30.0 
 01/21  07:50:00,14.617762160825247,16.517881721004198,13.758592163783694,13.78905047216925,13.884521402192485,13.905493589095295,0.0032008471458250245,21.0,30.0 
 01/21  08:00:00,14.651239400585823,16.535218582578185,13.796862162490584,13.832074203481785,13.922845352607414,13.949066675594889,0.003817531931775755,21.0,30.0 
 01/21  08:10:00,14.68185479122052,16.551221368920448,13.831874555457157,13.871227613638379,13.95792113657387,13.988707389520862,0.005272995808388584,21.0,30.0 
 01/21  08:20:00,14.71044949462486,16.56718716269659,13.86424345401179,13.90723795934974,13.990342852792496,14.025156181085155,0.007536030648663545,21.0,30.0 
 01/21  08:30:00,14.73695337161671,16.58201625861094,13.894259645015412,13.94056749393415,14.020399702687026,14.058885822416372,0.010469410373211,21.0,30.0 
 01/21  08:40:00,14.76150717942683,16.595389088085188,13.922227948943764,13.971584612730346,14.04840154390946,14.090271449729846,0.014062758529181985,21.0,30.0 
 01/21  08:50:00,14.784421590274516,16.607589316879974,13.948462001634944,14.000619678648471,14.07466548683311,14.119648250876885,0.018197690467878124,21.0,30.0 
 01/21  09:00:00,14.805993700391703,16.618963405062225,13.973229990559073,14.027960668449026,14.099460860390565,14.147308210289724,0.022866554544485197,21.0,30.0 
 01/21  09:10:00,14.82643833967303,16.62970203061413,13.996745842500985,14.053848860766974,14.123001829202689,14.173496060471507,0.027967932325136294,21.0,30.0 
 01/21  09:20:00,14.846372865674882,16.64146884564278,14.019183126598355,14.078484762046857,14.145462154942502,14.198415222819854,0.03349861442171783,21.0,30.0 
 01/21  09:30:00,14.865401744280168,16.6525398282488,14.040687240840263,14.102036618128746,14.166987526500806,14.222236361608289,0.0393739760284069,21.0,30.0 
 01/21  09:40:00,14.883463025463577,16.66238631307747,14.061381927370284,14.124647112094134,14.187701996950016,14.245104165314356,0.045593746661825155,21.0,30.0 
 01/21  09:50:00,14.900757318325386,16.67142693255085,14.081371055613081,14.146436455025597,14.207709706840962,14.267140512787298,0.052087511163989214,21.0,30.0 
 01/21  10:00:00,14.917472021956454,16.68008122671209,14.100740161629913,14.167504763210726,14.227096420752119,14.288446908841005,0.058856919933572435,21.0,30.0 
 01/21  10:10:00,14.933597661299107,16.68843769827089,14.119439170604698,14.187803544802245,14.245809797468416,14.308975720010686,0.06575473822474841,21.0,30.0 
 01/21  10:20:00,14.94909245791747,16.69601683674681,14.137600188105788,14.207482713571624,14.263983737315861,14.328877605640884,0.07282988212185784,21.0,30.0 
 01/21  10:30:00,14.964246195627593,16.703464928263013,14.155358552378994,14.22669386482745,14.281755573945166,14.348305116202535,0.08010289334339134,21.0,30.0 
 01/21  10:40:00,14.979161659177802,16.711011594314243,14.172761197679096,14.245492247328814,14.299172423102767,14.367314513411067,0.08758203381862484,21.0,30.0 
 01/21  10:50:00,14.993823313448909,16.71855880612298,14.189824483385081,14.263900251661441,14.316250214138616,14.38592897407087,0.09521176504602025,21.0,30.0 
 01/21  11:00:00,15.00821672515543,16.726002748214302,14.206568819544936,14.28194396484208,14.33300920711818,14.404175086497746,0.10298139417307742,21.0,30.0 
 01/21  11:10:00,15.022355338947293,16.733324656877713,14.223019045905666,14.29965315995249,14.34947436475468,14.42208296426123,0.11085616684741559,21.0,30.0 
 01/21  11:20:00,15.036569051998722,16.741592088631933,14.239198060256399,14.31705480078535,14.365668736758355,14.439679861961533,0.1188388765016693,21.0,30.0 
 01/21  11:30:00,15.050531692297115,16.749641355103446,14.255125073465068,14.334171488532501,14.381611623187046,14.456988650653205,0.12690406792624206,21.0,30.0 
 01/21  11:40:00,15.064145478173254,16.75709494414943,14.270817018886804,14.351022920714783,14.397320010872743,14.474029267577432,0.1350534366508343,21.0,30.0 
 01/21  11:50:00,15.07749352536169,16.764199075867094,14.286288543429375,14.367626145293604,14.412808590191169,14.490818962644683,0.1432649379762619,21.0,30.0 
 01/21  12:00:00,15.090657605964227,16.771202355717204,14.30155145296335,14.383995266808718,14.428089204352649,14.507372008405797,0.1515401350039492,21.0,30.0 
 01/21  12:10:00,15.103667426976644,16.778181165693155,14.316615287409427,14.400141993578025,14.443171425878377,14.523700255431434,0.15986106582176374,21.0,30.0 
 01/21  12:20:00,15.116297641095207,16.784343927104647,14.331488379633885,14.416076542739768,14.458063618152174,14.539814043534328,0.16822930681636097,21.0,30.0 
 01/21  12:30:00,15.128810017138912,16.790565122246136,14.346178221945154,14.431807993605242,14.47277330078711,14.555722558096644,0.17662991519803503,21.0,30.0 
 01/21  12:40:00,15.141295113329637,16.79713759049701,14.360691068241998,14.447344046774887,14.4873067473788,14.57143359151754,0.185064130647955,21.0,30.0 
 01/21  12:50:00,15.15370702751509,16.80388970322129,14.375032587253033,14.462691602744835,14.50166964186985,14.586954126083931,0.19351945334271126,21.0,30.0 
 01/21  13:00:00,15.165998796328116,16.81064606755057,14.389208632585566,14.477857410480311,14.515867851511418,14.602290985458865,0.2019967961033257,21.0,30.0 
 01/21  13:10:00,15.178160347590897,16.817357535590745,14.403225055442583,14.492847960034101,14.529907236989937,14.617450728093987,0.21048576582482423,21.0,30.0 
 01/21  13:20:00,15.190123368333028,16.823777488557695,14.417087142357458,14.507669088308887,14.543793087383298,14.632439253258134,0.21898708101817504,21.0,30.0 
 01/21  13:30:00,15.201982018792414,16.83021625146291,14.4307993447728,14.522325808842545,14.557529850758792,14.64726163086797,0.2274922571613763,21.0,30.0 
 01/21  13:40:00,15.213768095279757,16.83677310050342,14.444365292627914,14.536822350483037,14.571121150470658,14.661922140473214,0.23600185903229534,21.0,30.0 
 01/21  13:50:00,15.225465921153344,16.843386082264566,14.457788255128273,14.551162534701426,14.584570249391623,14.676424649930018,0.24450894534802015,21.0,30.0 
 01/21  14:00:00,15.237059928936418,16.849993702578573,14.471071509458566,14.565350074119706,14.597880419362962,14.690772915260935,0.25301382352118,21.0,30.0 
 01/21  14:10:00,15.248547508690738,16.856578917633385,14.484218288082356,14.57938854341651,14.61105488648628,14.704970552266914,0.2615108035405114,21.0,30.0 
 01/21  14:20:00,15.259628028062842,16.86210740144704,14.49723158105167,14.593281241500863,14.624096631843647,14.719020898994568,0.26999997192504566,21.0,30.0 
 01/21  14:30:00,15.270650230073414,16.86776410660593,14.510113811753724,14.607030952299564,14.637008066795028,14.732926775413492,0.2784767481061469,21.0,30.0 
 01/21  14:40:00,15.28172807913139,16.873934550299072,14.522866323408989,14.62063955621384,14.649790518597026,14.746690094324627,0.2869410164108149,21.0,30.0 
 01/21  14:50:00,15.29279224033044,16.880378273225876,14.535490440307091,14.6341088688072,14.662445298353108,14.76031270256589,0.2953890532443505,21.0,30.0 
 01/21  15:00:00,15.303773755336767,16.88685386609109,14.547988515570971,14.647441452488259,14.674974751558855,14.773797194761068,0.30382041583511227,21.0,30.0 
 01/21  15:10:00,15.31465449832506,16.89329210092041,14.56036357400168,14.660640335784947,14.687381895247013,14.787146632773878,0.3122320883458846,21.0,30.0 
 01/21  15:20:00,15.325289144905568,16.899189778644217,14.57261844343499,14.673708352414884,14.699669544110087,14.800363884014624,0.320623477905627,21.0,30.0 
 01/21  15:30:00,15.335856885736137,16.9051536311237,14.584755266474046,14.686647778834697,14.711839822815511,14.813451257344243,0.32899237907133666,21.0,30.0 
 01/21  15:40:00,15.346415306843836,16.911376891078795,14.596775361892863,14.699460233191328,14.723894030380828,14.826410400999556,0.3373381326003678,21.0,30.0 
 01/21  15:50:00,15.356928883711937,16.91773500209206,14.608679950130654,14.712147239749308,14.735833370928917,14.839242868045716,0.3456591387077462,21.0,30.0 
 01/21  16:00:00,15.367362749836932,16.92410453994393,14.620470763651271,14.724710695795702,14.747659565130515,14.8519505846617,0.3539545235474645,21.0,30.0 
 01/21  16:10:00,15.377708027105538,16.930450123088182,14.632149871883055,14.737152731481144,14.759374671271303,14.864535710563496,0.36222314182127235,21.0,30.0 
 01/21  16:20:00,15.388044140568365,16.937038235422484,14.643719234674023,14.749475369524687,14.77098063547903,14.87700029851948,0.3704639843273211,21.0,30.0 
 01/21  16:30:00,15.398288576485138,16.943582770833757,14.655180585256435,14.761680444008586,14.782479175271064,14.889346212850382,0.3786764024888651,21.0,30.0 
 01/21  16:40:00,15.408414597938634,16.949988146362987,14.666535653058073,14.773769776659648,14.793872004977253,14.901575305386816,0.38685931208286983,21.0,30.0 
 01/21  16:50:00,15.418440070451439,16.95631141457777,14.677786039497729,14.785745076826915,14.805160711281324,14.913689314989673,0.3950124862220118,21.0,30.0 
 01/21  17:00:00,15.428382931900503,16.962610605009594,14.6889330219812,14.797607789336364,14.81634655639817,14.925689715248673,0.4031347517404214,21.0,30.0 
 01/21  17:10:00,15.438248772619477,16.96890208298891,14.699977652399099,14.809359173226966,14.827430577334884,14.937577793366376,0.4112262178249523,21.0,30.0 
 01/21  17:20:00,15.447507286947692,16.973371884448053,14.710920972319869,14.821000467985037,14.838413802026139,14.949354816704133,0.41928558392399096,21.0,30.0 
 01/21  17:30:00,15.456760176804137,16.978073265918784,14.721763656646337,14.832532610090466,14.849296891381936,14.961021747625528,0.4273132032477,21.0,30.0 
 01/21  17:40:00,15.466202581284131,16.983673986279275,14.732504979146103,14.843955429288643,14.86007910029223,14.972578439211595,0.4353076156583228,21.0,30.0 
 01/21  17:50:00,15.475711934778477,16.98975609862677,14.743144475169158,14.855268955182552,14.87075994996657,14.984024944547361,0.4432692781209406,21.0,30.0 
 01/21  18:00:00,15.485166764022292,16.995900974847576,14.75368367414564,14.866474751939977,14.881340965243973,14.995362854485915,0.45119641401264166,21.0,30.0 
 01/21  18:10:00,14.905880351071824,17.000459721982118,13.94666026099571,14.028810047732174,14.067963676056673,14.154657083135312,0.4565758432892191,21.0,30.0 
 01/21  18:20:00,14.698071456635603,17.0043422136028,13.650920532763102,13.734292410762887,13.771434555713377,13.860598212086174,0.46281094191466504,21.0,30.0 
 01/21  18:30:00,14.508709374796208,17.00740950636147,13.381445764585008,13.466550811861413,13.500885277457035,13.593612525762161,0.4722391667667267,21.0,30.0 
 01/21  18:40:00,12.562311271363184,15.819193643309589,11.154540642442775,11.12533472634845,11.315108089423278,11.232425987490284,0.47906789830783575,21.0,30.0 
 01/21  18:50:00,13.593611664389233,16.62739991867519,12.252929571547822,12.297364723748766,12.39895413603481,12.417427518806091,0.4856703089769664,21.0,30.0 
 01/21  19:00:00,13.715625871327342,16.656145929093906,12.413849163303166,12.4679086194978,12.547711685916664,12.587649459618142,0.49159319422335657,21.0,30.0 
 01/21  19:10:00,13.852068502539355,16.70620147134007,12.586801118789017,12.647000661561318,12.70999604787439,12.76843734247403,0.49842688248545414,21.0,30.0 
 01/21  19:20:00,12.118474328711898,15.61045323302854,10.621688251192698,10.57808271358299,10.782859334210125,10.668307007712555,0.5017852792992804,21.0,30.0 
 01/21  19:30:00,13.225945817649732,16.444836354255546,11.8190289169839,11.842159914335054,11.964233877559677,11.950372459887227,0.5042073061622877,21.0,30.0 
 01/21  19:40:00,13.809971176618506,16.84596728462903,12.475572522364349,12.515158286814524,12.605604511397582,12.633218118387084,0.5069796399197137,21.0,30.0 
 01/21  19:50:00,13.939146742526933,16.87902837993725,12.647981046435232,12.68418136751791,12.769263222142254,12.805270550371114,0.507754183264995,21.0,30.0 
 01/21  20:00:00,12.086010282720176,15.655697756892955,10.56648667614186,10.501399947725286,10.726978067602495,10.58506306440847,0.5063812472639735,21.0,30.0 
 01/21  20:10:00,13.160040099176681,16.451320835179267,11.73227971259887,11.733821065576635,11.876756939944467,11.83742317852206,0.5046054695655396,21.0,30.0 
 01/21  20:20:00,13.710309059521999,16.80193410619341,12.360226794461635,12.382139120528276,12.489658889397358,12.497097098108448,0.5013058412344756,21.0,30.0 
 01/21  20:30:00,13.833607689932833,16.81917978123816,12.529419662725601,12.551227763167123,12.650258148080736,12.670194914561554,0.4975804221938372,21.0,30.0 
 01/21  20:40:00,11.98815867591993,15.599907374639349,10.455477132389834,10.377553110564477,10.615574293382904,10.464699814576816,0.4942972099807962,21.0,30.0 
 01/21  20:50:00,13.067287818659727,16.39700073018369,11.627997854431745,11.617331571546647,11.772039072514442,11.722551745646005,0.4903837771319941,21.0,30.0 
 01/21  21:00:00,13.626148640507928,16.753823886604927,12.265195408978503,12.276355005450164,12.394316065487278,12.391570412472818,0.4839664636054596,21.0,30.0 
 01/21  21:10:00,13.75577820361175,16.776551935497675,12.440737750975881,12.452920094478884,12.561391713075396,12.571464162492248,0.4777758011702659,21.0,30.0 
 01/21  21:20:00,11.913094306934411,15.557866042436292,10.369763005033674,10.283070853584627,10.529664997716418,10.371853183055476,0.4733130362375237,21.0,30.0 
 01/21  21:30:00,12.996338094709284,16.35679421042793,11.547374388326855,11.528268801461866,11.691198228209789,11.634331491927524,0.468085534548789,21.0,30.0 
 01/21  21:40:00,13.559455714211325,16.71716020555946,12.18896392517193,12.192438757098838,12.3179251088102,12.307751504108413,0.45974368292917456,21.0,30.0 
 01/21  21:50:00,13.691866504014458,16.742817421532013,12.367045313471708,12.372182859851312,12.487601768436619,12.490411759852721,0.4520215003152802,21.0,30.0 
 01/21  22:00:00,11.850457287097276,15.523039638561452,10.298031058128487,10.20502725971682,10.457823104155263,10.293627902910199,0.44682330276824495,21.0,30.0 
 01/21  22:10:00,12.936982080509694,16.32293523045881,11.47985413738593,11.454515859719278,11.623567292099219,11.560385814597385,0.44077668930347136,21.0,30.0 
 01/21  22:20:00,13.50176499600843,16.683852893287824,12.123465092142915,12.121041147581636,12.25234695049987,12.23600398230984,0.4312383622765315,21.0,30.0 
 01/21  22:30:00,13.634745996618724,16.709588623302967,12.302201973332743,12.301796386659852,12.422708236292674,12.419550289901473,0.4225667204121873,21.0,30.0 
 01/21  22:40:00,11.79412125318741,15.488666662402888,10.234676731459258,10.136817101814804,10.394404703429771,10.22409594089208,0.41691768571835464,21.0,30.0 
 01/21  22:50:00,12.883422299317667,16.28891891716493,11.420223854489006,11.389958762597951,11.56388665149873,11.494915253249374,0.41036887326812593,21.0,30.0 
 01/21  23:00:00,13.449591729064103,16.652465058215217,12.064628232430586,12.057376662847219,12.193474350015357,12.171626986549645,0.4000997879418444,21.0,30.0 
 01/21  23:10:00,13.582919618309266,16.679912071023878,12.243057653106876,12.2380238846284,12.363536538812358,12.355133057280213,0.39085128129844604,21.0,30.0 
 01/21  23:20:00,11.742898126203373,15.458191995585407,10.17672060349027,10.074833646190292,10.336406208396465,10.160265589209994,0.3849334779475898,21.0,30.0 
 01/21  23:30:00,12.83503809280544,16.259595036858457,11.365740909096363,11.331317283106968,11.509386453811986,11.434993996894928,0.37808603662817303,21.0,30.0 
 01/21  23:40:00,13.401744160971221,16.624385813414264,12.01032505008276,11.998901722789292,12.139157569249095,12.112235104750864,0.36738573566555704,21.0,30.0 
 01/21  23:50:00,13.534732110397151,16.6523773482506,12.187974624424184,12.178890165852788,12.308434271444764,12.295245905281634,0.3578015794952888,21.0,30.0 
 01/21  24:00:00,11.695022551523591,15.429437722867773,10.12265779405375,10.01724178291017,10.282307784779512,10.100505700912544,0.3517348810896614,21.0,30.0,346387287.2633441,2493920860.5526824,248.29381289267968,0.14058897460548467,0.26146413715535693,0.33348462683939567,0.005424353254335972,0.6491053725476096,0.0,0.014976850814893713,0.0,0.0,0.010038819903255987,0.0000022301031283993455,0.00001015384398347342,149.27754121494675,0.0,0.0,69.78770171900163 
 07/21  00:10:00,26.674642620328786,26.607047767032476,26.609641248664616,26.76214524283322,26.57516006157202,27.01472948621708,27.169423133224853,15.6,30.0 
 07/21  00:20:00,26.695359518718973,26.635507914238385,26.62379065927504,26.782247920931468,26.58906872726887,27.041389593401355,27.14597720772519,15.6,30.0 
 07/21  00:30:00,26.722916357528792,26.672644373256933,26.644443946888483,26.808491685580396,26.61002401886642,27.071722987305318,27.12342487517929,15.6,30.0 
 07/21  00:40:00,26.75032030120599,26.712699214644125,26.66473677533697,26.832158327717465,26.63108920893838,27.097404901702937,27.10127234369363,15.6,30.0 
 07/21  00:50:00,26.77211600801587,26.748699433931428,26.679463410644786,26.848735658696,26.64680545308781,27.11499685440929,27.079311571236605,15.6,30.0 
 07/21  01:00:00,26.788106340219404,26.77916503600516,26.68846938710823,26.85918023567555,26.656850660084874,27.12613945324745,27.057415527874642,15.6,30.0 
 07/21  01:10:00,26.80141700398305,26.80573171085768,26.69532602200404,26.867537318615263,26.66469816162484,27.135015065517276,27.03775417412229,15.6,30.0 
 07/21  01:20:00,26.813550280896166,26.83008265450696,26.701517655512223,26.875166611839326,26.6718516619098,27.142894090529207,27.02029300125305,15.6,30.0 
 07/21  01:30:00,26.824486265257125,26.852961523325263,26.706775439193688,26.881606734589628,26.678080107990162,27.149275727454235,27.00393246896101,15.6,30.0 
 07/21  01:40:00,26.833815126894017,26.87436513096745,26.710494893210303,26.886250157444657,26.68283108184787,27.153612070242772,26.987886093280565,15.6,30.0 
 07/21  01:50:00,26.84157451679303,26.89439566361796,26.712677831135043,26.889100705984678,26.68608274118232,27.15599178841185,26.971767485415537,15.6,30.0 
 07/21  02:00:00,26.848036923415847,26.91328524800884,26.713586150203593,26.890481753033608,26.688079547912736,27.15679133922199,26.95544474893788,15.6,30.0 
 07/21  02:10:00,26.854031896021517,26.93122340160813,26.714301063156693,26.891535109756738,26.689868088971146,27.157161165361202,26.940050340849503,15.6,30.0 
 07/21  02:20:00,26.859704176389872,26.948331722622584,26.714977592343747,26.892416703920123,26.691605205631124,27.157248560944314,26.925593445195968,15.6,30.0 
 07/21  02:30:00,26.86483991548306,26.96469640783805,26.71526844545034,26.892784732345792,26.692961757486767,27.156719709299775,26.91154624438507,15.6,30.0 
 07/21  02:40:00,26.86927629721493,26.98039352710104,26.714884508129163,26.892394863118323,26.69366685123676,27.155357186067704,26.89744403249957,15.6,30.0 
 07/21  02:50:00,26.87299252448919,26.995494250694637,26.71372337085424,26.89122531297429,26.693643605821833,27.153168788876965,26.883143956553123,15.6,30.0 
 07/21  03:00:00,26.87602161958335,27.010061304367177,26.711706529050012,26.889356608134733,26.692928196553925,27.15025667298898,26.868618470293583,15.6,30.0 
 07/21  03:10:00,26.878460999502053,27.024146674399734,26.70908804164761,26.886861004035957,26.691541814782802,27.146708882331893,26.853912114913363,15.6,30.0 
 07/21  03:20:00,26.88038555073723,27.037792594366802,26.706060865277855,26.883768645380012,26.68952619131151,27.142574513340506,26.838995962920173,15.6,30.0 
 07/21  03:30:00,26.88186010602659,27.051033977506712,26.702690125882654,26.88007156258392,26.687051614138536,27.137879470188068,26.823877478686715,15.6,30.0 
 07/21  03:40:00,26.882907631163942,27.063900477707698,26.69897525487075,26.875682885409084,26.684224110686174,27.132641334958528,26.808512556678277,15.6,30.0 
 07/21  03:50:00,26.883544698119213,27.07641770319907,26.69490736588408,26.870629213516843,26.681070673971117,27.12687190655708,26.792916301555564,15.6,30.0 
 07/21  04:00:00,26.883802644018946,27.088607848722415,26.69048635315574,26.865112815382794,26.67758356341354,27.120570800088196,26.77705693227884,15.6,30.0 
 07/21  04:10:00,26.884328973707692,27.100490253762853,26.686610858051022,26.860176073947198,26.67461844112381,27.114613268163364,26.762025278796553,15.6,30.0 
 07/21  04:20:00,26.885163105031985,27.112161467750465,26.683318603952902,26.85587651895368,26.672221206451283,27.108885501510386,26.747606156907658,15.6,30.0 
 07/21  04:30:00,26.886059122128746,27.12360252605585,26.68025889728824,26.85178663314585,26.670044571424537,27.10316602017812,26.733411596112322,15.6,30.0 
 07/21  04:40:00,26.886827090198775,27.13476446813756,26.677186809546576,26.84755299754957,26.66784372393061,27.09730009754712,26.719171255534068,15.6,30.0 
 07/21  04:50:00,26.887618759428353,27.145653127921758,26.6740695471641,26.843762438405847,26.665974184039914,27.091296476762746,26.704787934050415,15.6,30.0 
 07/21  05:00:00,26.892876804661483,27.156506273170105,26.67228849737416,26.854902805917746,26.673384603796823,27.08646789458475,26.690216163420097,15.6,30.0 
 07/21  05:10:00,26.91317670783799,27.168258588296624,26.67817503467998,26.910334804840723,26.70893754138556,27.089227819278854,26.6796884609713,21.0,30.0 
 07/21  05:20:00,26.952613900620022,27.182883141910064,26.693736556787698,27.020789764738044,26.77890428315442,27.101607316485172,26.67322179788057,21.0,30.0 
 07/21  05:30:00,27.008949381312704,27.200296794624506,26.718327478673075,27.18089635528168,26.877733074482112,27.122603991434683,26.668769466800818,21.0,30.0 
 07/21  05:40:00,27.073740300509588,27.219672744806267,26.74940085108375,27.36543836707916,26.98702394464212,27.150458422439815,26.664854107544745,21.0,30.0 
 07/21  05:50:00,27.13876416907743,27.239411984872714,26.784492403147667,27.556472340156194,27.086737632637195,27.1821533380625,26.66101820404412,21.0,30.0 
 07/21  06:00:00,27.200654556163695,27.260867014575,26.82200420229603,27.745703387061738,27.16813009887884,27.214841115452188,26.65742279229303,21.0,30.0 
 07/21  06:10:00,25.131706372587267,25.559066675099096,24.66155417429359,25.427239548178164,24.994724715857057,24.90930395348647,26.660989517076004,21.0,24.0 
 07/21  06:20:00,24.40341921404943,24.72010196219384,24.102369013403738,24.69850556380688,24.235685461395278,24.194359902550634,26.66706684738963,21.0,24.0 
 07/21  06:30:00,24.113494704516032,24.266251809406988,24.0017952284276,24.250613108831683,24.00629346380793,24.00569359096602,26.67487398545249,21.0,24.0 
 07/21  06:40:00,23.9977274588632,23.999457291727758,23.996895606021507,23.998507624829326,23.99642681326332,23.99669543022601,26.687434084569666,21.0,24.0 
 07/21  06:50:00,23.997047537738826,23.998161911893806,23.99699762824268,23.99528250207168,23.996768619918974,23.996888815744406,26.70174453938644,21.0,24.0 
 07/21  07:00:00,23.997976247437077,23.99868370264962,23.997985468658786,23.996610003317766,23.997850337189345,23.997966005008358,26.715244338184885,21.0,24.0 
 07/21  07:10:00,23.99833761100481,23.99869016319364,23.998421591036923,23.99724050253451,23.998372986476976,23.998449534789035,26.73821338354696,21.0,24.0 
 07/21  07:20:00,23.998578727186466,23.998895905607775,23.998619816428278,23.99767569844844,23.998604084530538,23.998664423589336,26.771534464040833,21.0,24.0 
 07/21  07:30:00,23.998710991446146,23.998979173173243,23.99874119908669,23.997934031165485,23.998739406098725,23.99879276477586,26.810636717093253,21.0,24.0 
 07/21  07:40:00,23.99880323234303,23.999029340790205,23.998830916750183,23.998115763624995,23.998836181851978,23.998885682898692,26.851906106647238,21.0,24.0 
 07/21  07:50:00,23.998871053754,23.999064044142127,23.998898366365143,23.99825324575845,23.998906539629594,23.998953840502445,26.89399274075977,21.0,24.0 
 07/21  08:00:00,23.998920917207943,23.999088264763017,23.998950575248305,23.9983504396404,23.99895922085797,23.999004692614896,26.93716862981768,21.0,24.0 
 07/21  08:10:00,23.998957037697103,23.999104043023966,23.998991063287743,23.998418730438164,23.998998070783955,23.999041914890483,26.984024519645594,21.0,24.0 
 07/21  08:20:00,23.99898342810989,23.999114440542492,23.999021343453062,23.998470545310703,23.999026208308496,23.99906894255047,27.03510371816761,21.0,24.0 
 07/21  08:30:00,23.998993758921177,23.999089594719365,23.999044442446408,23.998510771204607,23.99904682449168,23.999088739620863,27.089758735198227,21.0,24.0 
 07/21  08:40:00,23.999000883164264,23.99906817175946,23.99906176303224,23.99854315564974,23.999062019259696,23.999103291987634,27.14777323565001,21.0,24.0 
 07/21  08:50:00,23.999005445886997,23.999049554270236,23.999073192277837,23.998570436844567,23.99907320227904,23.999113947691622,27.209878769136147,21.0,24.0 
 07/21  09:00:00,23.999009084575498,23.999035289357526,23.999079359650977,23.998597931509142,23.99908136544522,23.999121653514283,27.278846478751973,21.0,24.0 
 07/21  09:10:00,23.999016006206283,23.999031576117336,23.999081872937563,23.998639125505793,23.99908723837967,23.999127151048018,27.35303121515674,21.0,24.0 
 07/21  09:20:00,23.99902176961104,23.999027357614466,23.999079950822185,23.998688088047565,23.999090138708613,23.99912969458247,27.430044597928692,21.0,24.0 
 07/21  09:30:00,23.99902387666971,23.999018334912527,23.999072127351138,23.998730278374055,23.999093043232175,23.99913186395061,27.509556949906358,21.0,24.0 
 07/21  09:40:00,23.99902408871481,23.999011502175527,23.9990564975334,23.99876798970536,23.999095430924353,23.9991332800679,27.59361635403723,21.0,24.0 
 07/21  09:50:00,23.99902394791606,23.99900675355644,23.99903783445264,23.998804784444825,23.999097364526882,23.99913417708199,27.673406675182417,21.0,24.0 
 07/21  10:00:00,23.999023938684104,23.999003708859433,23.999018920256944,23.99884154552857,23.999098415794812,23.999134228652622,27.741891126683967,21.0,24.0 
 07/21  10:10:00,23.999024914419948,23.999002414039126,23.99900126198142,23.99887939636865,23.99909958505699,23.9991344641814,27.79795142517323,21.0,24.0 
 07/21  10:20:00,23.999025283862395,23.998999824237227,23.99898442476253,23.99891638447138,23.999099897720292,23.999133897135422,27.846241314199414,21.0,24.0 
 07/21  10:30:00,23.999025806350772,23.998996293354967,23.998969055824197,23.998954780482705,23.99909992376759,23.999133185336387,27.891408293093072,21.0,24.0 
 07/21  10:40:00,23.999027185015173,23.99899412976277,23.99895525739696,23.99899457895939,23.99909967346817,23.999132351795335,27.935888631339377,21.0,24.0 
 07/21  10:50:00,23.99902934611003,23.998993238731046,23.998943047077645,23.999035348415195,23.999099178887324,23.999131394822015,27.980121226147933,21.0,24.0 
 07/21  11:00:00,23.999031568021053,23.99899334939666,23.99893253104575,23.999071879960567,23.999098510826332,23.99913034648161,28.023976844680966,21.0,24.0 
 07/21  11:10:00,23.999032871280285,23.998995535904683,23.998924896321995,23.999089257268444,23.999098811983888,23.999130367934043,28.062055259885437,21.0,24.0 
 07/21  11:20:00,23.9990289395097,23.998991390930524,23.99891784247105,23.999082596831972,23.9990981360245,23.999129413502914,28.094516981746242,21.0,24.0 
 07/21  11:30:00,23.999020590650307,23.998973610094318,23.9989119939062,23.99907107867911,23.999097225595502,23.999128454098607,28.124138852442016,21.0,24.0 
 07/21  11:40:00,23.999013848459622,23.99895970356044,23.99890744918294,23.999061146395757,23.99909615735473,23.999127564478258,28.153220307734934,21.0,24.0 
 07/21  11:50:00,23.999008703882023,23.998949932324354,23.99890396599118,23.999052603445264,23.99909493825675,23.999126688761507,28.182563628788376,21.0,24.0 
 07/21  12:00:00,23.999004854847747,23.998943413476375,23.998901546180736,23.999045104231342,23.99909359062267,23.999125800874303,28.212169717868864,21.0,24.0 
 07/21  12:10:00,23.999002513669215,23.998939561084057,23.998900790530172,23.999039204819255,23.9990926257431,23.999125385612494,28.2397755591194,21.0,24.0 
 07/21  12:20:00,23.99899942535301,23.99893329676464,23.99890062205386,23.999033336662997,23.99909115733624,23.9991244869114,28.265452839709987,21.0,24.0 
 07/21  12:30:00,23.9989920049472,23.9989109108962,23.99890160711524,23.99902850729459,23.99908965631145,23.99912360679578,28.290300218987415,21.0,24.0 
 07/21  12:40:00,23.998986417215256,23.99889338302047,23.998903792299455,23.999024678587876,23.999088176461946,23.999122783878015,28.315258178969877,21.0,24.0 
 07/21  12:50:00,23.99898271916077,23.998881009354584,23.998907158442936,23.999021683926298,23.99908671278807,23.999121999752877,28.340575126837006,21.0,24.0 
 07/21  13:00:00,23.998980590640816,23.998872745157865,23.998911704101875,23.999019397308295,23.99908527738002,23.999121254150474,28.366311613642026,21.0,24.0 
 07/21  13:10:00,23.998979469882592,23.998868059782424,23.998918279077376,23.99901868235348,23.99908463905278,23.999113868132557,28.3895130474333,21.0,24.0 
 07/21  13:20:00,23.99897394455456,23.99886149071671,23.99892501720975,23.999016966416317,23.999083177188925,23.99907933153378,28.41026218206718,21.0,24.0 
 07/21  13:30:00,23.998967916219314,23.998861036552256,23.99893280803511,23.999015842566006,23.999081653747936,23.999025113721235,28.42996320901276,21.0,24.0 
 07/21  13:40:00,23.99896190435632,23.99886061588704,23.998941639426853,23.999015348895508,23.9990801178301,23.998968583258506,28.449819331865424,21.0,24.0 
 07/21  13:50:00,23.99895631201242,23.998859882621797,23.998951672449383,23.99901534663859,23.99907857534201,23.998913428300327,28.4701620084968,21.0,24.0 
 07/21  14:00:00,23.99895133233265,23.9988589725936,23.998962938463226,23.999015745324545,23.999077055396008,23.998860802286785,28.491044273446327,21.0,24.0 
 07/21  14:10:00,23.998948569451912,23.998859766014476,23.99897649304895,23.999018105225193,23.999076894079533,23.998813115868,28.507289882411158,21.0,24.0 
 07/21  14:20:00,23.99894414969019,23.99885715035615,23.998989610777656,23.99901807397143,23.999075241783114,23.998766066964283,28.519103071722295,21.0,24.0 
 07/21  14:30:00,23.998950447847086,23.998888600405156,23.999003693733382,23.999018631400464,23.99907373107576,23.998722215257594,28.529057809689,21.0,24.0 
 07/21  14:40:00,23.998955778444984,23.99891411827651,23.999018635511053,23.99901986993125,23.999072423064685,23.99868173579462,28.53904082190798,21.0,24.0 
 07/21  14:50:00,23.998959065820713,23.998932343831726,23.999031650298946,23.999021590406286,23.99907123966383,23.998644510211374,28.549540414016562,21.0,24.0 
 07/21  15:00:00,23.99895917868441,23.998944692116826,23.999036704087267,23.999024033342014,23.99907055076647,23.99860810712515,28.56045974502435,21.0,24.0 
 07/21  15:10:00,23.998959969924382,23.99895538969601,23.999041057568412,23.99902956076743,23.99907259327591,23.998574018794084,28.56561572830171,21.0,24.0 
 07/21  15:20:00,23.998957996987652,23.998956534621456,23.99904312563303,23.99903164205968,23.99907223295952,23.998551527816232,28.565119440735657,21.0,24.0 
 07/21  15:30:00,23.99895803555406,23.998958767886037,23.99904425698057,23.99903369794827,23.99907159203683,23.998543971930843,28.562001094045314,21.0,24.0 
 07/21  15:40:00,23.998958532197893,23.998961019827433,23.99904362016128,23.9990363728606,23.999071461547647,23.998541354887763,28.558437612172977,21.0,24.0 
 07/21  15:50:00,23.998959134178648,23.998963055891565,23.999042120489783,23.999039500084812,23.999071816380894,23.998540202057935,28.555067981284672,21.0,24.0 
 07/21  16:00:00,23.99895996451323,23.998964839109657,23.999040849276223,23.999042961510316,23.999072577258712,23.99853994208059,28.551740824619063,21.0,24.0 
 07/21  16:10:00,23.998961701000955,23.99896704901023,23.99904046982793,23.999047292895163,23.999074214337455,23.998541765411925,28.546126394497147,21.0,24.0 
 07/21  16:20:00,23.998962176427415,23.99896538416921,23.99904064102787,23.999051496203972,23.99907626954417,23.99854112209894,28.538388466817057,21.0,24.0 
 07/21  16:30:00,23.998958127532656,23.99894553623166,23.999042980803065,23.999057460771816,23.999080253581248,23.998537881630078,28.529492661626172,21.0,24.0 
 07/21  16:40:00,23.998955498912302,23.99893027327286,23.999044504211636,23.999062845120456,23.999083334353514,23.99853871172119,28.520210058295895,21.0,24.0 
 07/21  16:50:00,23.998954536896495,23.99891995049577,23.99904577662571,23.999067886430204,23.999085583399463,23.99854338257981,28.51083565605236,21.0,24.0 
 07/21  17:00:00,23.99895561410879,23.998913373777313,23.999047806906,23.999073195964964,23.999087711080232,23.9985538703558,28.501447023337626,21.0,24.0 
 07/21  17:10:00,23.998958838479275,23.998908982251244,23.999051228420278,23.999079370893696,23.99908771507269,23.998576176282118,28.489813559113202,21.0,24.0 
 07/21  17:20:00,23.998959750579125,23.998904268934012,23.999055357889937,23.99908489378923,23.999077405627812,23.998598479948722,28.475762335070247,21.0,24.0 
 07/21  17:30:00,23.998966999711023,23.99892881284154,23.999060531743332,23.99909028976409,23.99905688083051,23.998619441097883,28.460260671215675,21.0,24.0 
 07/21  17:40:00,23.998971581868748,23.998945978530426,23.99906679910426,23.999095415115914,23.999032434093667,23.9986415918461,28.444069801164048,21.0,24.0 
 07/21  17:50:00,23.998975049914275,23.99895617753219,23.999074094393976,23.999100147725215,23.999009269778952,23.998667270854455,28.427456396690335,21.0,24.0 
 07/21  18:00:00,23.998979502344437,23.998961940953276,23.9990822592574,23.999104462761782,23.998992741306175,23.998698055453538,28.410352071684123,21.0,24.0 
 07/21  18:10:00,23.998988978853735,23.99896756466637,23.999092134532365,23.999109861972904,23.99899225814362,23.99873629402039,28.387296576768062,21.0,24.0 
 07/21  18:20:00,23.999000436669096,23.99896921923911,23.99910260858934,23.99911425562241,23.999003717410552,23.998778271731315,28.357784812274225,21.0,24.0 
 07/21  18:30:00,23.999018701653597,23.99898156575467,23.99911417497607,23.99911966255247,23.999025230586486,23.998828372353174,28.32408766506888,21.0,24.0 
 07/21  18:40:00,23.999041267115935,23.998994647834675,23.999127132465407,23.999126706284258,23.99905655003167,23.99888898768301,28.287851799227244,21.0,24.0 
 07/21  18:50:00,23.999068426622088,23.999008059714658,23.99914164857924,23.999136016363543,23.999096310912336,23.99896463853351,28.24951024384074,21.0,24.0 
 07/21  19:00:00,23.999096888777874,23.999022261054698,23.99915613038798,23.999147052899993,23.999138527923172,23.999042618712974,28.208447549555164,21.0,24.0 
 07/21  19:10:00,23.999122436154394,23.999036904337554,23.999168883098914,23.999158392110704,23.99917673069769,23.99910685684553,28.16812492052503,15.6,24.0 
 07/21  19:20:00,23.999141688513532,23.99905599464159,23.99917895442166,23.99916976884719,23.99920066421476,23.999141930799976,28.127830582496323,15.6,24.0 
 07/21  19:30:00,23.99915697643065,23.99908315047295,23.99918665479273,23.999179441496807,23.99921239638525,23.9991552275247,28.085225348462668,15.6,24.0 
 07/21  19:40:00,23.99916768352232,23.99910400885219,23.99919283418805,23.999187510539294,23.999218882522978,23.999160746795873,28.03952329057267,15.6,24.0 
 07/21  19:50:00,23.99917538622328,23.999118998971824,23.999197960503736,23.999194332676417,23.999223015503635,23.999163485476316,27.992864261402456,15.6,24.0 
 07/21  20:00:00,23.99918091365427,23.999129555558582,23.999202299693685,23.999200229029444,23.999225490856475,23.999164608528947,27.946786644450448,15.6,24.0 
 07/21  20:10:00,23.999184672755867,23.99913683279872,23.99920586628483,23.99920513855056,23.99922640946298,23.99916450664601,27.904148547481615,15.6,24.0 
 07/21  20:20:00,23.999187718468733,23.99914341786177,23.999208722810575,23.999209733864095,23.99922597528187,23.999164317279337,27.8655762772233,15.6,24.0 
 07/21  20:30:00,23.999188665455648,23.999145028197397,23.999211211920255,23.99921393504145,23.999223262668114,23.999164104471284,27.829825434571834,15.6,24.0 
 07/21  20:40:00,23.999189748436194,23.999146394326857,23.99921337379233,23.99921792238993,23.999221717946366,23.9991642643209,27.795332800003898,15.6,24.0 
 07/21  20:50:00,23.999191813387743,23.999147753761058,23.999215106120825,23.99922179273612,23.999224802019484,23.999164935506982,27.761106325828383,15.6,24.0 
 07/21  21:00:00,23.99919385281229,23.999149104593425,23.999215917082434,23.999225574933668,23.999228450809564,23.999166121304455,27.726878308554834,15.6,24.0 
 07/21  21:10:00,23.999195100529285,23.99915036595734,23.99921302317943,23.99922929706691,23.999232086878838,23.999167819803706,27.692746451069606,15.6,24.0 
 07/21  21:20:00,23.999198154622103,23.999152174723427,23.999217297217307,23.999232974081426,23.999235709656254,23.999170005095795,27.65857808654357,15.6,24.0 
 07/21  21:30:00,23.999206038834124,23.999169399505785,23.9992227190471,23.999236614112505,23.99923936748922,23.99917263801183,27.624138118158903,15.6,24.0 
 07/21  21:40:00,23.999212710360414,23.999182327687112,23.99922807179048,23.999240213910003,23.999243086366853,23.999175668623877,27.5894749309965,15.6,24.0 
 07/21  21:50:00,23.999218309843236,23.999191517124522,23.999233273427865,23.99924376694517,23.999246879301026,23.999179047469728,27.554702562927865,15.6,24.0 
 07/21  22:00:00,23.999223142942256,23.999198014630373,23.99923836365707,23.99924725698058,23.999250744398136,23.99918272077324,27.52053299107689,15.6,24.0 
 07/21  22:10:00,24.816813804810074,24.710486480366065,24.809101471323245,24.91067154275384,24.804721875773723,24.992784678372153,27.503496361225846,15.6,24.0 
 07/21  22:20:00,24.039086772639017,24.04561721188432,24.03323209474993,24.04031427764776,24.032372446099565,24.04452531413657,27.48324727324324,15.6,24.0 
 07/21  22:30:00,23.999750270532765,23.999935430463953,23.99964262660903,23.999739788603407,23.99964771390527,23.999703348254542,27.451987985983575,15.6,24.0 
 07/21  22:40:00,25.017178261496774,24.833629382013186,25.04233612898834,25.14880518763904,25.01986328104981,25.246779780326488,27.43052969824636,15.6,24.0 
 07/21  22:50:00,24.22630044794245,24.290087097507474,24.179186948299265,24.22155657809573,24.186217120928088,24.236190457882444,27.392694162813505,15.6,24.0 
 07/21  23:00:00,23.999705604276752,23.99997604895428,23.999625916704787,23.999557311393474,23.99963187132464,23.99951112611267,27.3588810621869,15.6,24.0 
 07/21  23:10:00,25.261173657760796,25.048124696927793,25.305796351540323,25.400729255397167,25.282803821480485,25.48369783669571,27.343218456785383,15.6,30.0 
 07/21  23:20:00,25.598432584482662,25.382424951081713,25.62518528879515,25.74940970818713,25.595154162566917,25.888227906271425,27.323545387654278,15.6,30.0 
 07/21  23:30:00,25.791464937514572,25.594416694639463,25.797955790191637,25.939006595767097,25.76517814364857,26.11547720451202,27.303856473155882,15.6,30.0 
 07/21  23:40:00,26.308592899910856,26.148103542984984,26.284092656158954,26.44641347403463,26.247998438744716,26.671105397655325,27.26460408181586,15.6,30.0 
 07/21  23:50:00,26.56361520460433,26.452926287707932,26.51754164086256,26.674807918520738,26.482480376345652,26.91300508612217,27.23364186369858,15.6,30.0 
 07/21  24:00:00,26.652201324543135,26.57205495565987,26.594307258172897,26.7452870912048,26.559979218760713,26.990396058706942,27.2066455864647,15.6,30.0,1419610903.7552505,32911624.89941926,486.7957414704291,0.16967902701885954,1.0607681536083162,0.884838624174259,0.011431522657740528,2.657520432145304,0.0,0.024805186349692726,0.0,0.0,0.014551734450253487,0.000008008839076639697,0.00003944380108242444,611.7892687943864,0.0,0.0,140.3259139120207 
